site_id,site_name,terrain_type,latitude,longitude,ndvi_trend_slope,ndbi_trend_slope,ndbi_mean,mean_slope_degrees,elevation_mean_m,rainfall_anomaly_pct,lst_trend_slope,lst_mean_c,human_activity_notes,disaster_occurred,disaster_type,disaster_date,source_citation,status,cyclone_name,cyclone_landfall_wind_kmh_imd,cyclone_landfall_pressure_mb_imd,cyclone_grade_imd,cyclone_source
joshimath,"Joshimath, Chamoli",hill,30.5551,79.5641,-0.00028,0.011152,-0.030902,29.74,1946.3,-17.58,0.0726,20.49,"Rising NDBI (built-up growth) trend; govt expert committee (NDMA/GSI/CBRI) attributed subsidence to drainage failure + anthropogenic activity, not rainfall trigger (see sihPlan/memory.md sec 6).",1,land_subsidence,2023-01-02,"Deccan Herald/Outlook India/BusinessToday (Jan 2023) citing ISRO/NRSC DInSAR report (secondary source, primary PDF no longer hosted); slope/elevation from project DEM pull; NDVI/NDBI from Sentinel-2 via GEE; rainfall from NASA POWER. LST: MODIS MOD11A2 via Earth Engine (223 obs).",REAL - fully computed from project-collected data,,,,,
raini,"Raini village, Chamoli",hill,30.5642,79.7369,0.010613,0.033538,-0.223028,31.35,3418.9,-78.33,0.6915,9.4,,1,flash_flood_rock_ice_avalanche,2021-02-07,"News archives / academic papers on Rishiganga debris flow (unverified, per dataset-sites.md) | Rainfall: NASA POWER API, real pull, 1828 days baseline (2026-08-31). | NDVI/NDBI: Sentinel-2 via Earth Engine (gee_pull_site.py); slope/elevation: SRTM DEM via Earth Engine. | LST: MODIS MOD11A2 via Earth Engine (226 obs).",REAL - complete (rainfall + NDVI/NDBI/slope pulled),,,,,
kedarnath,"Kedarnath area, Rudraprayag",hill,30.7346,79.0669,0.028768,0.081103,-0.326392,24.54,3678.0,4.07,1.0518,6.8,,1,rainfall_triggered_landslide_flood,2013-06-16,"Martha et al. 2015 (cited in ResearchGate search, per dataset-sites.md; not independently verified) | Rainfall: NASA POWER API, real pull, 1827 days baseline (2026-08-31). | NDVI/NDBI: Sentinel-2 via Earth Engine (gee_pull_site.py); slope/elevation: SRTM DEM via Earth Engine. | LST: MODIS MOD11A2 via Earth Engine (223 obs).",REAL - complete (rainfall + NDVI/NDBI/slope pulled),,,,,
wazri,"Wazri, near Yamunotri, Uttarkashi",hill,30.9064,78.3464,0.013801,-0.001186,-0.036725,33.38,2003.9,179.54,0.0675,18.89,,1,landslide,2017-09-12,"'Landslides Over Two Places of Uttarakhand: An Observation' (per dataset-sites.md; not independently verified) | Rainfall: NASA POWER API, real pull, 1827 days baseline (2026-08-31). | NDVI/NDBI: Sentinel-2 via Earth Engine (gee_pull_site.py); slope/elevation: SRTM DEM via Earth Engine. | LST: MODIS MOD11A2 via Earth Engine (227 obs).",REAL - complete (rainfall + NDVI/NDBI/slope pulled),,,,,
dharali,"Dharali, Uttarkashi",hill,30.83,78.45,0.002948,-0.003386,-0.115894,30.18,1787.6,98.94,0.0834,18.09,,1,cloudburst_landslide_flash_flood,2025-08-01,"Recent news coverage, e.g. ETV Bharat, Aug 2025 (per dataset-sites.md; coordinates marked 'verify' in source doc) | Rainfall: NASA POWER API, real pull, 1827 days baseline (2026-08-31). | NDVI/NDBI: Sentinel-2 via Earth Engine (gee_pull_site.py); slope/elevation: SRTM DEM via Earth Engine. | LST: MODIS MOD11A2 via Earth Engine (228 obs).",REAL - complete (rainfall + NDVI/NDBI/slope pulled),,,,,
malpa,"Malpa village, Pithoragarh",hill,29.85,80.35,0.00181,-0.00109,-0.1468,27.68,992.8,52.28,0.0297,21.67,,1,landslide,1998-08-18,"Rautela & Pande, 2005 (per dataset-sites.md; coordinates marked 'verify', pre-Sentinel-2 era so NDVI trend may not be pullable) | Rainfall: NASA POWER API, real pull, 1827 days baseline (2026-08-31). | NDVI/NDBI: Sentinel-2 via Earth Engine (gee_pull_site.py); slope/elevation: SRTM DEM via Earth Engine. | LST: MODIS MOD11A2 via Earth Engine (222 obs).",REAL - complete (rainfall + NDVI/NDBI/slope pulled),,,,,
auli_control,"Auli, Chamoli (control)",hill,30.5271,79.5665,0.026777,0.045879,-0.170383,20.55,2837.7,-58.21,0.4725,14.52,,0,,,"Control candidate -- no major documented event in window, per dataset-sites.md; needs GSI/news search confirmation | Rainfall: NASA POWER API, real pull, 1827 days baseline (2026-08-31). | NDVI/NDBI: Sentinel-2 via Earth Engine (gee_pull_site.py); slope/elevation: SRTM DEM via Earth Engine. | LST: MODIS MOD11A2 via Earth Engine (225 obs).",REAL - complete (rainfall + NDVI/NDBI/slope pulled),,,,,
garhwal_control_tbd,TBD second Garhwal control site,hill,,,,,,,,,,,,0,,,Not yet identified -- team to confirm per dataset-sites.md,NOT_PULLED - needs Earth Engine (NDVI/NDBI/slope) + coordinates confirmed,,,,,
sundarbans,Sundarbans (West Bengal side),coastal,21.9497,88.9468,-0.002037,-0.003205,-0.381235,1.96,4.4,-24.53,-0.0161,26.39,"NDBI trend +/-0.003 (near flat) in this 1km buffer -- not a strong standalone human-activity signal on its own. Real GMW mangrove data confirms mild decline (304.5->303.1 ha, 1996-2020) but mangrove is not a model feature. This site's disaster driver is primarily the acute cyclone event, not a slow land-use trend -- see sihPlan/memory.md sec 15 for why the coastal narrative leans on cyclone intensity rather than forcing a human-activity story the data doesn't support.",1,cyclone,2020-05-20,"Cyclone Amphan, state disaster reports / mangrove-cyclone damage studies (per dataset-sites.md; exact sub-area needs verification) | Rainfall: NASA POWER API, real pull, 1828 days baseline (2026-08-31). | NDVI/NDBI: Sentinel-2 via Earth Engine (gee_pull_site.py); slope/elevation: SRTM DEM via Earth Engine. | LST: MODIS MOD11A2 via Earth Engine (327 obs).",REAL - complete (rainfall + NDVI/NDBI/slope pulled; cyclone landfall too),AMPHAN,166.7,960,ESCS (Extremely Severe Cyclonic Storm),"NOAA IBTrACS v04r01, IMD/NEWDELHI agency track, landfall 2020-05-20 09:00 UTC near 21.4N 88.1E; see datasourceSIH/cyclone_landfall_ibtracs.csv"
odisha_coast,Odisha coast (Puri/Bhitarkanika area),coastal,19.8106,85.8314,-0.006317,0.000655,0.031073,2.46,14.1,-32.58,-0.0706,31.58,NDBI trend +0.0009 (essentially flat). Real GMW data confirms 0.00 ha mangrove in this buffer across all 11 years -- Puri itself is not a mangrove area (see sihPlan/memory.md sec 14). Neither mangrove-loss nor NDBI growth is a usable human-activity signal at this site; disaster driver is the acute cyclone event.,1,cyclone,2019-05-03,"Cyclone Fani, Odisha SDMA reports. COORDINATE CORRECTED 2026-08-31: original 19.7,85.8 (per dataset-sites.md, marked 'verify') returned elevation_mean_m=0.0 and mean_slope_degrees=0.0 from the real SRTM DEM pull -- the signature of a point sitting in open water, not land, which also produced 0 valid Land Surface Temperature observations across the full 2019-2023 period (MODIS LST is land-only, masks water). Replaced with Puri town center, 19.8106N 85.8314E (19 48'38""N 85 49'53""E), a well-documented landmark confirmed on land. NDVI/NDBI/slope/elevation/LST all need re-pulling at this corrected point -- the old values at 19.7,85.8 are unreliable. | Rainfall: NASA POWER API, real pull, 1827 days baseline (2026-08-31). | NDVI/NDBI: Sentinel-2 via Earth Engine (gee_pull_site.py); slope/elevation: SRTM DEM via Earth Engine. | LST: MODIS MOD11A2 via Earth Engine (343 obs).",REAL - complete (rainfall + NDVI/NDBI/slope pulled; cyclone landfall too),FANI,185.2,952,ESCS (Extremely Severe Cyclonic Storm),"NOAA IBTrACS v04r01, IMD/NEWDELHI agency track, landfall 2019-05-03 03:00 UTC near 19.6N 85.7E; see datasourceSIH/cyclone_landfall_ibtracs.csv"
sundarbans_control,Sundarbans denser-mangrove sub-area (control),coastal,,,,,,,,,,,,0,,,"Not yet identified -- same cyclone exposure, lower damage, per dataset-sites.md",NOT_PULLED - needs Earth Engine (NDVI/NDBI/slope) + coordinates confirmed,,,,,
coastal_control_tbd,"Coringa mangrove area, Kakinada, Andhra Pradesh (control candidate)",coastal,16.75,82.28,0.012469,-0.015577,-0.180646,2.66,4.1,-18.89,-0.2423,30.82,"NDBI trend -0.016 (mildly declining) -- if anything more negative than either real coastal disaster site, so NDBI alone would not distinguish this control either. Real GMW mangrove data is small and noisy (0.71-1.83 ha, no clear trend) -- likely near the sanctuary's edge rather than its core within this 1km buffer.",0,,,"Candidate control site, checked against real IBTrACS track data 2026-08-31: nearest IMD-graded Severe-or-stronger cyclone (>=48kt) in 2015-2023 was ASANI (2022, SCS, 50kt) at 157km distance -- no direct/close severe cyclone hit in this window. Same coastal-mangrove terrain type as the Sundarbans site (Coringa Wildlife Sanctuary mangroves), unlike a non-mangrove coastal control. STILL NEEDS: team confirmation this is an acceptable control (157km is 'no severe hit nearby', not 'zero cyclone exposure ever') -- see ml-model-plan.md's own caveat that control-site selection is a judgment call to be ready to defend. | Rainfall: NASA POWER API, real pull, 1827 days baseline (2026-08-31). | NDVI/NDBI: Sentinel-2 via Earth Engine (gee_pull_site.py); slope/elevation: SRTM DEM via Earth Engine. | LST: MODIS MOD11A2 via Earth Engine (338 obs).",REAL - complete (rainfall + NDVI/NDBI/slope pulled),,,,,
chennai,"Chennai, Tamil Nadu",coastal,13.0827,80.2707,0.011965,-0.007458,0.045949,2.73,8.3,132.14,-0.3584,35.2,"NDBI trend -0.0075/yr (slightly declining/flat) in this 1km buffer -- not a usable human-activity signal on its own. This site's disaster driver is the cyclone's extreme rainfall (400mm over 3-5 Dec 2023), not a slow land-use trend.",1,cyclone_induced_flooding,2023-12-04,"Cyclone Michaung: catastrophic urban flooding in Chennai (Velachery, Tambaram), 31 deaths per Tamil Nadu State Disaster Management Authority; ~400mm rainfall 3-5 Dec 2023 (Business Standard, Wikipedia). Michaung's actual IMD-tracked landfall was near Nellore/Machilipatnam, Andhra Pradesh, over 150km from Chennai, on 5 Dec 2023 -- Chennai's disaster was flood damage from the storm's rainfall, not direct landfall impact, so cyclone landfall wind/pressure fields are left blank rather than misattributed to this site. | Rainfall: NASA POWER API, real pull, anchored 2023-12-04, 1827 days baseline (2026-09-01). | NDVI/NDBI: Sentinel-2 via Earth Engine (gee_pull_site.py); slope/elevation: SRTM DEM via Earth Engine. | LST: MODIS MOD11A2 via Earth Engine (192 obs).",REAL - complete (rainfall + NDVI/NDBI/slope/LST pulled via Earth Engine),,,,,
wayanad,"Wayanad (Chooralmala-Mundakkai), Kerala",hill,11.45,76.08,0.006674,-0.001877,-0.292814,22.01,630.5,112.86,-0.3072,27.28,NDBI trend -0.0019/yr (flat) -- not a strong standalone human-activity signal from this feature alone. Independent research (Eos.org Landslide Blog; ScienceDirect preliminary analysis) attributes the disaster to a combination of extreme rainfall (373mm/24hr) and steep slope instability in tea-plantation terrain -- land-use change in the Western Ghats is discussed in the wider literature but is not something this project has independently quantified beyond the real NDVI/NDBI trend numbers here.,1,rainfall_triggered_landslide,2024-07-30,"Mundakkai-Chooralmala landslide, Wayanad district, Kerala, 30 July 2024 -- one of India's deadliest landslides; death toll reports varied by source/date (roughly 200-400 range across different reporting windows), triggered by 373mm rainfall in 24 hours. Sources: Eos.org/AGU Landslide Blog, ScienceDirect preliminary analysis (Jan 2025). | Rainfall: NASA POWER API, real pull, anchored 2024-07-30, 1828 days baseline (2026-09-02). | NDVI/NDBI: Sentinel-2 via Earth Engine (gee_pull_site.py); slope/elevation: SRTM DEM via Earth Engine. | LST: MODIS MOD11A2 via Earth Engine (162 obs).",REAL - complete (rainfall + NDVI/NDBI/slope/LST pulled via Earth Engine),,,,,
jakhau,"Jakhau, Kutch, Gujarat",coastal,23.2167,68.7,0.021413,-0.006197,0.09283,1.67,7.0,-44.87,-0.6409,34.92,"NDBI trend -0.0062/yr (flat/declining) -- not a human-activity signal; disaster driver is the acute cyclone landfall itself. Notably an Arabian Sea system, distinct from the Bay of Bengal cyclones (Amphan, Fani) at our other coastal sites.",1,cyclone,2023-06-15,"Cyclone Biparjoy made landfall near Jakhau Port, Kutch, Gujarat, 15 June 2023 (IMD: Very Severe Cyclonic Storm, later downgraded), sustained winds reported 115-125 km/h, gusts to 140 km/h. Real, well-documented (Wikipedia, Deccan Herald, Tribune India, International Charter Space and Major Disasters). Precise IMD/IBTrACS landfall wind/pressure not independently verified this session (not in datasourceSIH/cyclone_landfall_ibtracs.csv) -- landfall wind/pressure fields left blank rather than stating a rounded news figure with false precision. | Rainfall: NASA POWER, real pull, anchored 2023-06-15, 1827 days baseline (2026-09-02). | NDVI/NDBI: Sentinel-2 via Earth Engine; slope/elevation: SRTM DEM via Earth Engine. | LST: MODIS MOD11A2 via Earth Engine (218 obs).",REAL - complete (rainfall + NDVI/NDBI/slope/LST pulled via Earth Engine),BIPARJOY,,,"Very Severe Cyclonic Storm (IMD, per real-time reports; not cross-checked against IBTrACS this session)","News reports (Wikipedia, Deccan Herald, Tribune India) -- not yet cross-checked against NOAA IBTrACS like Amphan/Fani were"
guna,"Guna district (Bamori/Kalora Dam area), Madhya Pradesh",plains,24.6469,77.3131,0.01014,-0.003945,0.023424,2.04,475.7,263.27,-0.4885,33.42,"NDBI trend -0.0039/yr (flat/declining) -- not a human-activity signal. The disaster itself has a real, documented human-infrastructure angle -- the Kalora Dam's west weir (built 1956) breached under extreme rainfall -- but this project has not independently verified dam maintenance/design history, so no causal claim is made beyond the real rainfall trigger.",1,dam_breach_flood,2025-07-30,"Kalora Dam (Bamori area, Guna district, Madhya Pradesh) west weir breached by 15 feet after 12.92 inches (328mm) of rain in 24 hours, flooding villages including Singapore, Tumda, Kurka, Bandha, Umardha, Baniyani, Mamli, Biloda; NDRF and army deployed, ~250 villagers rescued. Real, well-documented (Free Press Journal, News on Air / All India Radio, SANDRP). Coordinates are Guna town center (district HQ) -- a labeled proxy, since the affected villages' exact coordinates were not available; same honest-approximation pattern used for odisha_coast's Puri correction. | Rainfall: NASA POWER, real pull, anchored 2025-07-30, 1827 days baseline (2026-09-02). | NDVI/NDBI: Sentinel-2 via Earth Engine; slope/elevation: SRTM DEM via Earth Engine. | LST: MODIS MOD11A2 via Earth Engine (195 obs).",REAL - complete (rainfall + NDVI/NDBI/slope/LST pulled via Earth Engine),,,,,
silchar,"Silchar, Cachar district, Assam",plains,24.8333,92.7789,7.6e-05,0.000794,-0.079423,2.34,22.5,137.33,-0.1433,29.03,"NDBI trend +0.0008/yr (essentially flat) -- not a strong human-activity signal from this feature alone. Real, cited human factor: the Barak river embankment at Bethukandi was reportedly cut by residents in May 2022 to drain local flooding, and the embankment itself had seen no maintenance since 1965 (Wikipedia 2022 Silchar Floods, opindia, Scroll.in) -- a documented human-infrastructure contribution distinct from the NDVI/NDBI land-cover trend this model actually uses as a feature.",1,river_flood_embankment_breach,2022-06-19,"2022 Silchar Floods, Cachar district, Assam: Barak river breached its embankment at Bethukandi in late May / June 2022 after exceptional monsoon rainfall; over 80% of Silchar town submerged, 1.43 million affected in Cachar district, 200+ deaths reported statewide across the wider 2022 Assam floods. Real, well-documented (Wikipedia '2022 Silchar Floods', Scroll.in, Dialogue Earth, Sentinel Hub/Planet Stories EO analysis). | Rainfall: NASA POWER, real pull, anchored 2022-06-19 (day after Barak river passed danger level), 1827 days baseline (2026-09-02). | NDVI/NDBI: Sentinel-2 via Earth Engine; slope/elevation: SRTM DEM via Earth Engine. | LST: MODIS MOD11A2 via Earth Engine (190 obs).",REAL - complete (rainfall + NDVI/NDBI/slope/LST pulled via Earth Engine),,,,,
jaisalmer,"Jaisalmer city, Rajasthan (control, desert)",desert,26.9157,70.9083,0.012013,-0.006472,0.055192,3.53,242.2,-99.99,-0.3477,35.11,"First desert/arid terrain site in the dataset, added specifically as a real negative control -- LOOCV testing found the model had never once correctly identified a genuine safe site (0/2 on the only prior negative controls, auli_control and coastal_control_tbd), both scoring higher risk than most actual disasters. NDVI trend is mildly positive (+0.012/yr), consistent with documented Thar desert greening from rising monsoon rainfall (Down To Earth, 2025) -- not a decline signal, unlike the disaster sites.",0,,,"WebSearched 2026-09-02: no major flood/landslide/cyclone disaster documented for Jaisalmer city itself 2019-2023, despite regional rainfall in Jaisalmer district rising well above normal in 2021 (+69%) and 2022 (+96%) (Down To Earth / Rajras.in coverage) -- district-level wet years did not produce a recorded town-level disaster. Historical Rajasthan floods (1979 Luni basin, 2006 Barmer/Jaisalmer flash flood) affected other parts of the state, not Jaisalmer city, and predate the 2019-2023 study window used for every other site. Rainfall: NASA POWER API, real pull, 1827 days baseline, anchored 2023-01-01 (DEFAULT_CONTROL_ANCHOR, same convention as auli_control/coastal_control_tbd). NDVI/NDBI: Sentinel-2 via Earth Engine; slope/elevation: SRTM DEM via Earth Engine. LST: MODIS MOD11A2 via Earth Engine (228 obs).",REAL - complete (rainfall + NDVI/NDBI/slope pulled),,,,,
ranikhet,"Ranikhet, Almora district, Uttarakhand (control, hill)",hill,29.642,79.4322,0.015274,-0.005975,-0.143828,13.15,1769.9,-28.43,-0.1685,21.46,"Added as 2nd real hill negative control (2026-09-02) -- with only 1 prior hill control (auli_control) LOOCV could never validate the hill-safe pattern (holding out the only negative leaves training with zero negatives). NDVI trend is positive (+0.015/yr, greening) unlike every disaster hill site, which show flat-to-negative NDVI trends -- a real distinguishing signal, not invented.",0,,,"WebSearched 2026-09-02: no major landslide/flood/cloudburst disaster documented for Ranikhet town itself in the 2019-2023 study window. Only documented recent-era event found: a 2004 cloudburst in Ranikhet/Almora causing 1 casualty -- outside the study window used for every other site (2019-2023), same standard already applied elsewhere in this table. Broader Uttarakhand disasters in this window (2021 Chamoli/Rishiganga flood, 2023 Himalayan floods) are centered on different valleys/districts, already represented by the raini and other real disaster sites in this table, not Ranikhet. STILL A JUDGMENT CALL like every other control site here -- see coastal_control_tbd/auli_control citations for the same caveat. Rainfall: NASA POWER API, real pull, 1827 days baseline, anchored 2023-01-01 (DEFAULT_CONTROL_ANCHOR). NDVI/NDBI: Sentinel-2 via Earth Engine; slope/elevation: SRTM DEM via Earth Engine. LST: MODIS MOD11A2 via Earth Engine (215 obs).",REAL - complete (rainfall + NDVI/NDBI/slope pulled),,,,,
kollam,"Kollam city, Kerala (control, coastal)",coastal,8.8932,76.6141,-0.006982,-0.001978,-0.049566,2.12,18.7,-9.35,-0.1429,32.0,"Added as 2nd real coastal negative control (2026-09-02) -- with only 1 prior coastal control (coastal_control_tbd) LOOCV could never validate the coastal-safe pattern. Checked with a real distance calculation against the actual NOAA IBTrACS North Indian Ocean track file (downloaded 2026-09-02, ibtracs.NI.list.v04r01.csv, not just the 2-row extract already in this repo): nearest NEWDELHI-graded Severe-or-stronger (>=48kt) cyclone track point 2019-2023 was Cyclone NIVAR (2020, VSCS, 65kt, landfall near Puducherry) at 509km distance -- more than 3x farther than coastal_control_tbd's 157km. NDVI trend is mildly negative (-0.007/yr) -- weaker than any real coastal disaster site's decline but not zero, so this control is not a perfectly clean feature profile, reported honestly rather than smoothed over.",0,,,"WebSearched 2026-09-02: Kollam was NOT among Kerala's worst-affected districts in either the 2018 floods (1,503 ha flooded vs Alappuzha's 21,799 ha and Kottayam's 12,301 ha) or 2019 floods (yellow alert, the lowest IMD alert tier, vs red alerts in northern/central Kerala). This is 'measurably and relatively less affected,' not 'zero flood exposure ever' -- same honesty standard as every other control site here. Real IBTrACS distance check (see human_activity_notes) confirms no severe+ cyclone hit nearby either. Rainfall: NASA POWER API, real pull, 1827 days baseline, anchored 2023-01-01 (DEFAULT_CONTROL_ANCHOR). NDVI/NDBI: Sentinel-2 via Earth Engine; slope/elevation: SRTM DEM via Earth Engine. LST: MODIS MOD11A2 via Earth Engine (197 obs). GMW mangrove: 0.00 ha across all years (not a mangrove coastal type, unlike sundarbans/coastal_control_tbd).",REAL - complete (rainfall + NDVI/NDBI/slope pulled),,,,,
pettimudi,"Pettimudi, Idukki district, Kerala",hill,10.1167,77.1667,-0.014689,0.001,,21.56,1857.7,90.89,-0.5045,21.49,"Added 2026-09-02 as a 6th rainfall-triggered-landslide-mechanism site, specifically to grow the mechanism-narrowed hill-landslide scope past the projects own N>=8 floor while keeping the mechanism match that produced the first non-zero specificity result this session. Western Ghats terrain (not Himalayan) -- genuine geographic diversity within the same physical mechanism. NDVI trend is negative (-0.015/yr, real decline), consistent with the vegetation-decline risk narrative used elsewhere in this project.",1,rainfall_triggered_landslide,2020-08-06,"WebSearched 2026-09-02: 2020 Pettimudi landslide, Idukki district, Kerala, 6 August 2020, triggered by 616.2mm rainfall in one day (1842.7mm over the preceding 6 days); 66-70 killed, tea plantation workers and families. Well-documented in peer-reviewed literature (Springer Landslides journal preliminary analysis) and NDRF official records. Rainfall: NASA POWER API, real pull, anchored on actual disaster date 2020-08-06. NDVI/NDBI: Sentinel-2 via Earth Engine; slope/elevation: SRTM DEM via Earth Engine. LST: MODIS MOD11A2 via Earth Engine (198 obs).",REAL - complete (rainfall + NDVI/NDBI/slope pulled),,,,,
kinnaur,"Nigulsari, Kinnaur district, Himachal Pradesh",hill,31.5989,78.2765,0.024005,0.050324,,32.86,3010.5,92.57,0.8166,17.47,"Added 2026-09-02 as a 7th rainfall-triggered-landslide-mechanism site, same purpose as pettimudi -- growing the mechanism-narrowed scope past the N>=8 floor. NDVI trend is positive (+0.024/yr) despite being a real rainfall-triggered disaster -- same pattern already seen in wazri/kedarnath (see sihPlan/memory.md sec 33/34: NDVI trend alone does not cleanly separate every disaster from safe sites, rainfall_anomaly_pct is doing more of the real work for this mechanism class).",1,rainfall_triggered_landslide,2021-08-11,"WebSearched 2026-09-02: 2021 Kinnaur landslide, Nigulsari area on NH-5, Chaura village, Himachal Pradesh, 11 August 2021, ~12:30pm, hit a bus and vehicles on the highway during heavy monsoon rain; death toll rose to 25+ (Tribune India, Deccan Herald, Business Standard coverage). Rainfall: NASA POWER API, real pull, anchored on actual disaster date 2021-08-11. NDVI/NDBI: Sentinel-2 via Earth Engine; slope/elevation: SRTM DEM via Earth Engine. LST: MODIS MOD11A2 via Earth Engine (229 obs).",REAL - complete (rainfall + NDVI/NDBI/slope pulled),,,,,
visakhapatnam,"Visakhapatnam city, Andhra Pradesh",coastal,17.6868,83.2185,0.013315,-0.006702,,8.67,57.3,104.42,-0.4349,33.32,"Added 2026-09-02 to grow the cyclone-mechanism-scoped coastal model past N=6 (which was catastrophically unstable, 1/6 LOOCV, worse than naive -- 6 features vs 5 training points per LOO fold is mathematically underdetermined, not necessarily a real negative signal). Cyclone Hudhud (2014) predates Sentinel-2 (launched 2015) -- NDVI/NDBI/slope use the same 2019-2023 current-baseline window every other pre-2015 site in this table already uses (kedarnath 2013, malpa 1998), per established project precedent. Only rainfall_anomaly_pct is anchored on the real 2014-10-12 landfall date (NASA POWER data covers this).",1,cyclone,2014-10-12,"WebSearched 2026-09-02: Cyclone Hudhud, Very Severe Cyclonic Storm, made landfall near Visakhapatnam 12 October 2014 ~06:30-07:30 UTC (12:00-13:00 IST), winds 170-180 km/h, min central pressure 950mb. Confirmed via ReliefWeb, IMD RSMC New Delhi cyclone report, Wikipedia. Rainfall: NASA POWER API, real pull, anchored on actual landfall date 2014-10-12. NDVI/NDBI: Sentinel-2 via Earth Engine (2019-2023 baseline, disaster predates Sentinel-2 -- same convention as kedarnath/malpa); slope/elevation: SRTM DEM via Earth Engine. LST: MODIS MOD11A2 via Earth Engine (175 obs).",REAL - complete (rainfall + NDVI/NDBI/slope pulled),HUDHUD,175,950,VSCS (Very Severe Cyclonic Storm),IMD RSMC New Delhi cyclone report; ReliefWeb landfall bulletin 12 Oct 2014
nagapattinam,"Nagapattinam town, Tamil Nadu",coastal,10.7672,79.8449,0.005004,-0.003301,,1.88,5.3,56.78,-0.3344,33.64,"Added 2026-09-02, same purpose as visakhapatnam -- growing the cyclone-mechanism-scoped coastal model past the unstable N=6 point. Initial coordinates (10.79,79.88) returned 0 LST observations (MODIS LST is land-only, masks water -- same failure mode already seen and fixed for odisha_coast) -- corrected to Nagapattinam town center (10.7672,79.8449), re-pulled clean (179 obs). Cyclone Gaja (2018) predates this table's standard 2019-2023 window by a few weeks only -- rainfall anchored on the real landfall date, NDVI/NDBI/slope use the standard 2019-2023 window like every other site.",1,cyclone,2018-11-16,"WebSearched 2026-09-02: Cyclone Gaja, Very Severe Cyclonic Storm, made landfall between Nagapattinam and Vedaranyam, Tamil Nadu, 16 November 2018 ~01:45 IST. Confirmed via ReliefWeb, NASA hurricane blog, Deccan Herald, Down To Earth (33+ killed, 82,000 evacuated). Rainfall: NASA POWER API, real pull, anchored on actual landfall date 2018-11-16. NDVI/NDBI: Sentinel-2 via Earth Engine (2019-2023 baseline); slope/elevation: SRTM DEM via Earth Engine. LST: MODIS MOD11A2 via Earth Engine (179 obs, corrected coordinates).",REAL - complete (rainfall + NDVI/NDBI/slope pulled),GAJA,,,VSCS (Very Severe Cyclonic Storm),"ReliefWeb, NASA hurricane blog, Deccan Herald, Down To Earth coverage 16 Nov 2018 -- exact wind/pressure at landfall not cross-checked against IBTrACS, left blank per project convention for unverified intensity fields (see jakhau)."
