system:index,date,ndvi_avg,.geo
20190112T052159_20190112T052430_T44RLU,2019-01-12,0.4291426022056088,"{""type"":""MultiPoint"",""coordinates"":[]}"
20190117T052141_20190117T052141_T44RLU,2019-01-17,0.3784704884301317,"{""type"":""MultiPoint"",""coordinates"":[]}"
20190323T051649_20190323T052254_T44RLU,2019-03-23,0.42216857725434137,"{""type"":""MultiPoint"",""coordinates"":[]}"
20190328T051651_20190328T052823_T44RLU,2019-03-28,0.2503980780947843,"{""type"":""MultiPoint"",""coordinates"":[]}"
20190402T051659_20190402T052808_T44RLU,2019-04-02,0.4791582285165319,"{""type"":""MultiPoint"",""coordinates"":[]}"
20190422T051659_20190422T052110_T44RLU,2019-04-22,0.5366321679159625,"{""type"":""MultiPoint"",""coordinates"":[]}"
20190427T051651_20190427T052356_T44RLU,2019-04-27,0.5658261871708676,"{""type"":""MultiPoint"",""coordinates"":[]}"
20190507T051651_20190507T051654_T44RLU,2019-05-07,0.5463787844164191,"{""type"":""MultiPoint"",""coordinates"":[]}"
20190527T051651_20190527T053014_T44RLU,2019-05-27,0.5614534131414598,"{""type"":""MultiPoint"",""coordinates"":[]}"
20190601T051659_20190601T052154_T44RLU,2019-06-01,0.5364086371504846,"{""type"":""MultiPoint"",""coordinates"":[]}"
20190611T051659_20190611T052954_T44RLU,2019-06-11,0.49025129087022323,"{""type"":""MultiPoint"",""coordinates"":[]}"
20190626T051701_20190626T051655_T44RLU,2019-06-26,0.5274998406203972,"{""type"":""MultiPoint"",""coordinates"":[]}"
20190820T051659_20190820T052145_T44RLU,2019-08-20,0.7138966380857681,"{""type"":""MultiPoint"",""coordinates"":[]}"
20191014T051751_20191014T052108_T44RLU,2019-10-14,0.6151104576635148,"{""type"":""MultiPoint"",""coordinates"":[]}"
20191024T051901_20191024T052919_T44RLU,2019-10-24,0.6375337144872176,"{""type"":""MultiPoint"",""coordinates"":[]}"
20191118T052109_20191118T052150_T44RLU,2019-11-18,0.5595920115162851,"{""type"":""MultiPoint"",""coordinates"":[]}"
20191203T052201_20191203T052744_T44RLU,2019-12-03,0.496971087166262,"{""type"":""MultiPoint"",""coordinates"":[]}"
20191208T052209_20191208T052208_T44RLU,2019-12-08,0.5163476644396295,"{""type"":""MultiPoint"",""coordinates"":[]}"
20191218T052229_20191218T052545_T44RLU,2019-12-18,0.29687876805990154,"{""type"":""MultiPoint"",""coordinates"":[]}"
20191223T052221_20191223T052223_T44RLU,2019-12-23,0.3999654595296095,"{""type"":""MultiPoint"",""coordinates"":[]}"
20191228T052229_20191228T052223_T44RLU,2019-12-28,0.40750413771033145,"{""type"":""MultiPoint"",""coordinates"":[]}"
20200122T052111_20200122T052733_T44RLU,2020-01-22,0.2956249310171192,"{""type"":""MultiPoint"",""coordinates"":[]}"
20200206T052009_20200206T052403_T44RLU,2020-02-06,0.37096170994571925,"{""type"":""MultiPoint"",""coordinates"":[]}"
20200216T051909_20200216T052654_T44RLU,2020-02-16,0.37261349261291205,"{""type"":""MultiPoint"",""coordinates"":[]}"
20200302T051721_20200302T052546_T44RLU,2020-03-02,0.39083192959693513,"{""type"":""MultiPoint"",""coordinates"":[]}"
20200317T051649_20200317T051959_T44RLU,2020-03-17,0.43884693952970555,"{""type"":""MultiPoint"",""coordinates"":[]}"
20200406T051649_20200406T053004_T44RLU,2020-04-06,0.48448886413040865,"{""type"":""MultiPoint"",""coordinates"":[]}"
20200411T051651_20200411T052138_T44RLU,2020-04-11,0.48241134421788306,"{""type"":""MultiPoint"",""coordinates"":[]}"
20200516T051649_20200516T052442_T44RLU,2020-05-16,0.5675922082808917,"{""type"":""MultiPoint"",""coordinates"":[]}"
20200521T051701_20200521T052402_T44RLU,2020-05-21,0.5528269382436718,"{""type"":""MultiPoint"",""coordinates"":[]}"
20200928T051701_20200928T051949_T44RLU,2020-09-28,0.6507914098994831,"{""type"":""MultiPoint"",""coordinates"":[]}"
20201008T051721_20201008T051807_T44RLU,2020-10-08,0.5895017784719545,"{""type"":""MultiPoint"",""coordinates"":[]}"
20201013T051749_20201013T051852_T44RLU,2020-10-13,0.5871349147111458,"{""type"":""MultiPoint"",""coordinates"":[]}"
20201018T051831_20201018T052219_T44RLU,2020-10-18,0.5671301934236619,"{""type"":""MultiPoint"",""coordinates"":[]}"
20201023T051859_20201023T052138_T44RLU,2020-10-23,0.5685964649189995,"{""type"":""MultiPoint"",""coordinates"":[]}"
20201028T051931_20201028T052216_T44RLU,2020-10-28,0.5556490041653647,"{""type"":""MultiPoint"",""coordinates"":[]}"
20201107T052021_20201107T052230_T44RLU,2020-11-07,0.5477586968303488,"{""type"":""MultiPoint"",""coordinates"":[]}"
20201112T052049_20201112T052711_T44RLU,2020-11-12,0.5041823239257831,"{""type"":""MultiPoint"",""coordinates"":[]}"
20201117T052111_20201117T052112_T44RLU,2020-11-17,0.5215244562156934,"{""type"":""MultiPoint"",""coordinates"":[]}"
20201122T052119_20201122T052915_T44RLU,2020-11-22,0.5005201294811785,"{""type"":""MultiPoint"",""coordinates"":[]}"
20201127T052151_20201127T052147_T44RLU,2020-11-27,0.4769725687876289,"{""type"":""MultiPoint"",""coordinates"":[]}"
20201202T052159_20201202T052946_T44RLU,2020-12-02,0.5100120999216742,"{""type"":""MultiPoint"",""coordinates"":[]}"
20201207T052211_20201207T052714_T44RLU,2020-12-07,0.4769294745557564,"{""type"":""MultiPoint"",""coordinates"":[]}"
20201217T052231_20201217T052226_T44RLU,2020-12-17,0.47211173438284926,"{""type"":""MultiPoint"",""coordinates"":[]}"
20201227T052231_20201227T052228_T44RLU,2020-12-27,0.4587683106479552,"{""type"":""MultiPoint"",""coordinates"":[]}"
20210101T052219_20210101T052222_T44RLU,2021-01-01,0.3160640898695899,"{""type"":""MultiPoint"",""coordinates"":[]}"
20210111T052159_20210111T052202_T44RLU,2021-01-11,0.4309933131239098,"{""type"":""MultiPoint"",""coordinates"":[]}"
20210116T052151_20210116T052147_T44RLU,2021-01-16,0.444083429212697,"{""type"":""MultiPoint"",""coordinates"":[]}"
20210121T052119_20210121T052907_T44RLU,2021-01-21,0.42512635910515095,"{""type"":""MultiPoint"",""coordinates"":[]}"
20210126T052111_20210126T052106_T44RLU,2021-01-26,0.43383873930733713,"{""type"":""MultiPoint"",""coordinates"":[]}"
20210131T052039_20210131T052539_T44RLU,2021-01-31,0.4237602742684359,"{""type"":""MultiPoint"",""coordinates"":[]}"
20210210T051939_20210210T052401_T44RLU,2021-02-10,0.40474228532467466,"{""type"":""MultiPoint"",""coordinates"":[]}"
20210220T051839_20210220T052045_T44RLU,2021-02-20,0.40985895971722447,"{""type"":""MultiPoint"",""coordinates"":[]}"
20210225T051801_20210225T052131_T44RLU,2021-02-25,0.4118273748098327,"{""type"":""MultiPoint"",""coordinates"":[]}"
20210302T051729_20210302T052733_T44RLU,2021-03-02,0.4092095719353598,"{""type"":""MultiPoint"",""coordinates"":[]}"
20210317T051651_20210317T051831_T44RLU,2021-03-17,0.3890117009591271,"{""type"":""MultiPoint"",""coordinates"":[]}"
20210327T051651_20210327T052745_T44RLU,2021-03-27,0.4237363256330617,"{""type"":""MultiPoint"",""coordinates"":[]}"
20210401T051649_20210401T052647_T44RLU,2021-04-01,0.35246930637902185,"{""type"":""MultiPoint"",""coordinates"":[]}"
20210411T051649_20210411T052917_T44RLU,2021-04-11,0.44931652400928757,"{""type"":""MultiPoint"",""coordinates"":[]}"
20210416T051641_20210416T051825_T44RLU,2021-04-16,0.3973632959953521,"{""type"":""MultiPoint"",""coordinates"":[]}"
20210426T051651_20210426T052747_T44RLU,2021-04-26,0.4877058366044899,"{""type"":""MultiPoint"",""coordinates"":[]}"
20210516T051651_20210516T051831_T44RLU,2021-05-16,0.5287592462977568,"{""type"":""MultiPoint"",""coordinates"":[]}"
20210526T051651_20210526T052748_T44RLU,2021-05-26,0.5703252707811245,"{""type"":""MultiPoint"",""coordinates"":[]}"
20211003T051701_20211003T052600_T44RLU,2021-10-03,0.6585280298568041,"{""type"":""MultiPoint"",""coordinates"":[]}"
20211008T051709_20211008T053004_T44RLU,2021-10-08,0.6332728733836831,"{""type"":""MultiPoint"",""coordinates"":[]}"
20211013T051751_20211013T052103_T44RLU,2021-10-13,0.6324159172175061,"{""type"":""MultiPoint"",""coordinates"":[]}"
20211023T051901_20211023T052038_T44RLU,2021-10-23,0.6034889337090639,"{""type"":""MultiPoint"",""coordinates"":[]}"
20211028T051929_20211028T052925_T44RLU,2021-10-28,0.6139086651358026,"{""type"":""MultiPoint"",""coordinates"":[]}"
20211102T052001_20211102T052127_T44RLU,2021-11-02,0.5952232050885081,"{""type"":""MultiPoint"",""coordinates"":[]}"
20211107T052019_20211107T052551_T44RLU,2021-11-07,0.5761917946137359,"{""type"":""MultiPoint"",""coordinates"":[]}"
20211112T052051_20211112T052922_T44RLU,2021-11-12,0.5596288158957609,"{""type"":""MultiPoint"",""coordinates"":[]}"
20211117T052109_20211117T052819_T44RLU,2021-11-17,0.546305535213946,"{""type"":""MultiPoint"",""coordinates"":[]}"
20211122T052121_20211122T052810_T44RLU,2021-11-22,0.517452736659171,"{""type"":""MultiPoint"",""coordinates"":[]}"
20211127T052139_20211127T052141_T44RLU,2021-11-27,0.5070659369018877,"{""type"":""MultiPoint"",""coordinates"":[]}"
20211207T052209_20211207T052208_T44RLU,2021-12-07,0.510655042745104,"{""type"":""MultiPoint"",""coordinates"":[]}"
20211217T052219_20211217T052222_T44RLU,2021-12-17,0.4720056502320805,"{""type"":""MultiPoint"",""coordinates"":[]}"
20220101T052231_20220101T052226_T44RLU,2022-01-01,0.430179799701648,"{""type"":""MultiPoint"",""coordinates"":[]}"
20220116T052149_20220116T053012_T44RLU,2022-01-16,0.39547658475182385,"{""type"":""MultiPoint"",""coordinates"":[]}"
20220131T052041_20220131T052041_T44RLU,2022-01-31,0.39451173779345483,"{""type"":""MultiPoint"",""coordinates"":[]}"
20220205T052009_20220205T052526_T44RLU,2022-02-05,0.3032981003017578,"{""type"":""MultiPoint"",""coordinates"":[]}"
20220210T051941_20220210T052038_T44RLU,2022-02-10,0.38860433801150923,"{""type"":""MultiPoint"",""coordinates"":[]}"
20220215T051909_20220215T052906_T44RLU,2022-02-15,0.4417591096653974,"{""type"":""MultiPoint"",""coordinates"":[]}"
20220302T051731_20220302T052536_T44RLU,2022-03-02,0.4290950849395627,"{""type"":""MultiPoint"",""coordinates"":[]}"
20220312T051651_20220312T052910_T44RLU,2022-03-12,0.4446762735570711,"{""type"":""MultiPoint"",""coordinates"":[]}"
20220317T051649_20220317T052632_T44RLU,2022-03-17,0.44964683987992304,"{""type"":""MultiPoint"",""coordinates"":[]}"
20220322T051651_20220322T052554_T44RLU,2022-03-22,0.46718258166403603,"{""type"":""MultiPoint"",""coordinates"":[]}"
20220327T051649_20220327T052411_T44RLU,2022-03-27,0.49039348103579605,"{""type"":""MultiPoint"",""coordinates"":[]}"
20220401T051651_20220401T052734_T44RLU,2022-04-01,0.4998429299106868,"{""type"":""MultiPoint"",""coordinates"":[]}"
20220406T051649_20220406T052823_T44RLU,2022-04-06,0.4796678845986959,"{""type"":""MultiPoint"",""coordinates"":[]}"
20220411T051651_20220411T052901_T44RLU,2022-04-11,0.5054071378925132,"{""type"":""MultiPoint"",""coordinates"":[]}"
20220416T051649_20220416T052902_T44RLU,2022-04-16,0.5076612789113536,"{""type"":""MultiPoint"",""coordinates"":[]}"
20220421T051701_20220421T052440_T44RLU,2022-04-21,0.4471291860643191,"{""type"":""MultiPoint"",""coordinates"":[]}"
20220516T051649_20220516T052909_T44RLU,2022-05-16,0.4751452970413361,"{""type"":""MultiPoint"",""coordinates"":[]}"
20220521T051701_20220521T052917_T44RLU,2022-05-21,0.4697506787769062,"{""type"":""MultiPoint"",""coordinates"":[]}"
20220531T051701_20220531T052755_T44RLU,2022-05-31,0.4907837775963909,"{""type"":""MultiPoint"",""coordinates"":[]}"
20220605T051649_20220605T052911_T44RLU,2022-06-05,0.4622347401534713,"{""type"":""MultiPoint"",""coordinates"":[]}"
20220615T051659_20220615T052852_T44RLU,2022-06-15,0.453948480682589,"{""type"":""MultiPoint"",""coordinates"":[]}"
20221003T051649_20221003T052253_T44RLU,2022-10-03,0.6679905222511566,"{""type"":""MultiPoint"",""coordinates"":[]}"
20221023T051849_20221023T052729_T44RLU,2022-10-23,0.6010992334457038,"{""type"":""MultiPoint"",""coordinates"":[]}"
20221028T051931_20221028T052450_T44RLU,2022-10-28,0.5852936740649113,"{""type"":""MultiPoint"",""coordinates"":[]}"
20221102T051949_20221102T052958_T44RLU,2022-11-02,0.5824792133734408,"{""type"":""MultiPoint"",""coordinates"":[]}"
20221112T052049_20221112T052220_T44RLU,2022-11-12,0.543353546778212,"{""type"":""MultiPoint"",""coordinates"":[]}"
20221117T052111_20221117T052416_T44RLU,2022-11-17,0.5441346631114438,"{""type"":""MultiPoint"",""coordinates"":[]}"
20221122T052119_20221122T052433_T44RLU,2022-11-22,0.5367704514115362,"{""type"":""MultiPoint"",""coordinates"":[]}"
20221127T052151_20221127T052145_T44RLU,2022-11-27,0.5070409898758731,"{""type"":""MultiPoint"",""coordinates"":[]}"
20221207T052211_20221207T052214_T44RLU,2022-12-07,0.5056958680178892,"{""type"":""MultiPoint"",""coordinates"":[]}"
20221212T052219_20221212T052632_T44RLU,2022-12-12,0.5003892644783138,"{""type"":""MultiPoint"",""coordinates"":[]}"
20221217T052231_20221217T052227_T44RLU,2022-12-17,0.4782688978628767,"{""type"":""MultiPoint"",""coordinates"":[]}"
20221222T052229_20221222T052753_T44RLU,2022-12-22,0.4806080793429485,"{""type"":""MultiPoint"",""coordinates"":[]}"
20221227T052231_20221227T052227_T44RLU,2022-12-27,0.443931732141955,"{""type"":""MultiPoint"",""coordinates"":[]}"
20230106T052211_20230106T052214_T44RLU,2023-01-06,0.43551363457252557,"{""type"":""MultiPoint"",""coordinates"":[]}"
20230116T052151_20230116T052145_T44RLU,2023-01-16,0.4333778552277257,"{""type"":""MultiPoint"",""coordinates"":[]}"
20230121T052129_20230121T052439_T44RLU,2023-01-21,0.31607337392891743,"{""type"":""MultiPoint"",""coordinates"":[]}"
20230126T052111_20230126T052757_T44RLU,2023-01-26,0.44072990738566614,"{""type"":""MultiPoint"",""coordinates"":[]}"
20230131T052039_20230131T052214_T44RLU,2023-01-31,0.4142116808748174,"{""type"":""MultiPoint"",""coordinates"":[]}"
20230205T052011_20230205T052730_T44RLU,2023-02-05,0.42309451963055467,"{""type"":""MultiPoint"",""coordinates"":[]}"
20230215T051911_20230215T052932_T44RLU,2023-02-15,0.42020171069123985,"{""type"":""MultiPoint"",""coordinates"":[]}"
20230220T051839_20230220T052919_T44RLU,2023-02-20,0.37713549755984577,"{""type"":""MultiPoint"",""coordinates"":[]}"
20230225T051801_20230225T052114_T44RLU,2023-02-25,0.44674395277262613,"{""type"":""MultiPoint"",""coordinates"":[]}"
20230302T051729_20230302T052948_T44RLU,2023-03-02,0.4534312909494077,"{""type"":""MultiPoint"",""coordinates"":[]}"
20230307T051651_20230307T052919_T44RLU,2023-03-07,0.3248790803237257,"{""type"":""MultiPoint"",""coordinates"":[]}"
20230312T051659_20230312T052443_T44RLU,2023-03-12,0.39733808269089893,"{""type"":""MultiPoint"",""coordinates"":[]}"
20230327T051651_20230327T052835_T44RLU,2023-03-27,0.4755879706530587,"{""type"":""MultiPoint"",""coordinates"":[]}"
20230411T051649_20230411T052709_T44RLU,2023-04-11,0.41793008586358454,"{""type"":""MultiPoint"",""coordinates"":[]}"
20230416T051651_20230416T052735_T44RLU,2023-04-16,0.5039571890708999,"{""type"":""MultiPoint"",""coordinates"":[]}"
20230421T051649_20230421T052441_T44RLU,2023-04-21,0.5471848161967009,"{""type"":""MultiPoint"",""coordinates"":[]}"
20230506T051651_20230506T052521_T44RLU,2023-05-06,0.5486898386869941,"{""type"":""MultiPoint"",""coordinates"":[]}"
20230511T051649_20230511T052839_T44RLU,2023-05-11,0.5362474194918698,"{""type"":""MultiPoint"",""coordinates"":[]}"
20230516T051651_20230516T052334_T44RLU,2023-05-16,0.5489857068704035,"{""type"":""MultiPoint"",""coordinates"":[]}"
20230521T051659_20230521T052824_T44RLU,2023-05-21,0.5453169667245156,"{""type"":""MultiPoint"",""coordinates"":[]}"
