system:index,date,ndbi_avg,.geo
20190112T052159_20190112T052430_T44RLU,2019-01-12,0.024083925658763602,"{""type"":""MultiPoint"",""coordinates"":[]}"
20190117T052141_20190117T052141_T44RLU,2019-01-17,0.0018456229205949335,"{""type"":""MultiPoint"",""coordinates"":[]}"
20190323T051649_20190323T052254_T44RLU,2019-03-23,0.016202447756130202,"{""type"":""MultiPoint"",""coordinates"":[]}"
20190328T051651_20190328T052823_T44RLU,2019-03-28,-0.07015566614603369,"{""type"":""MultiPoint"",""coordinates"":[]}"
20190402T051659_20190402T052808_T44RLU,2019-04-02,0.007367374337994383,"{""type"":""MultiPoint"",""coordinates"":[]}"
20190422T051659_20190422T052110_T44RLU,2019-04-22,-0.06245594741570797,"{""type"":""MultiPoint"",""coordinates"":[]}"
20190427T051651_20190427T052356_T44RLU,2019-04-27,-0.09909823843096459,"{""type"":""MultiPoint"",""coordinates"":[]}"
20190507T051651_20190507T051654_T44RLU,2019-05-07,-0.0840554002147995,"{""type"":""MultiPoint"",""coordinates"":[]}"
20190527T051651_20190527T053014_T44RLU,2019-05-27,-0.09868008500672916,"{""type"":""MultiPoint"",""coordinates"":[]}"
20190601T051659_20190601T052154_T44RLU,2019-06-01,-0.05004914180556568,"{""type"":""MultiPoint"",""coordinates"":[]}"
20190611T051659_20190611T052954_T44RLU,2019-06-11,-0.039440874069543955,"{""type"":""MultiPoint"",""coordinates"":[]}"
20190626T051701_20190626T051655_T44RLU,2019-06-26,-0.07155192380996421,"{""type"":""MultiPoint"",""coordinates"":[]}"
20190820T051659_20190820T052145_T44RLU,2019-08-20,-0.20223118550635547,"{""type"":""MultiPoint"",""coordinates"":[]}"
20191014T051751_20191014T052108_T44RLU,2019-10-14,-0.14032282057395196,"{""type"":""MultiPoint"",""coordinates"":[]}"
20191024T051901_20191024T052919_T44RLU,2019-10-24,-0.10587252914823365,"{""type"":""MultiPoint"",""coordinates"":[]}"
20191118T052109_20191118T052150_T44RLU,2019-11-18,-0.04816671352565641,"{""type"":""MultiPoint"",""coordinates"":[]}"
20191203T052201_20191203T052744_T44RLU,2019-12-03,-0.04332830095449593,"{""type"":""MultiPoint"",""coordinates"":[]}"
20191208T052209_20191208T052208_T44RLU,2019-12-08,-0.02696924994053343,"{""type"":""MultiPoint"",""coordinates"":[]}"
20191218T052229_20191218T052545_T44RLU,2019-12-18,-0.3185189760188537,"{""type"":""MultiPoint"",""coordinates"":[]}"
20191223T052221_20191223T052223_T44RLU,2019-12-23,-0.1058919557015406,"{""type"":""MultiPoint"",""coordinates"":[]}"
20191228T052229_20191228T052223_T44RLU,2019-12-28,-0.07497979488524405,"{""type"":""MultiPoint"",""coordinates"":[]}"
20200122T052111_20200122T052733_T44RLU,2020-01-22,-0.13960145816388236,"{""type"":""MultiPoint"",""coordinates"":[]}"
20200206T052009_20200206T052403_T44RLU,2020-02-06,-0.04628649957262565,"{""type"":""MultiPoint"",""coordinates"":[]}"
20200216T051909_20200216T052654_T44RLU,2020-02-16,0.007350931440039245,"{""type"":""MultiPoint"",""coordinates"":[]}"
20200302T051721_20200302T052546_T44RLU,2020-03-02,0.01928145302972082,"{""type"":""MultiPoint"",""coordinates"":[]}"
20200317T051649_20200317T051959_T44RLU,2020-03-17,0.027202146810426108,"{""type"":""MultiPoint"",""coordinates"":[]}"
20200406T051649_20200406T053004_T44RLU,2020-04-06,-0.0022082962433035464,"{""type"":""MultiPoint"",""coordinates"":[]}"
20200411T051651_20200411T052138_T44RLU,2020-04-11,-0.025308986361416805,"{""type"":""MultiPoint"",""coordinates"":[]}"
20200516T051649_20200516T052442_T44RLU,2020-05-16,-0.10290551445720851,"{""type"":""MultiPoint"",""coordinates"":[]}"
20200521T051701_20200521T052402_T44RLU,2020-05-21,-0.0999335713721545,"{""type"":""MultiPoint"",""coordinates"":[]}"
20200928T051701_20200928T051949_T44RLU,2020-09-28,-0.12562671675983778,"{""type"":""MultiPoint"",""coordinates"":[]}"
20201008T051721_20201008T051807_T44RLU,2020-10-08,-0.08940660330872997,"{""type"":""MultiPoint"",""coordinates"":[]}"
20201013T051749_20201013T051852_T44RLU,2020-10-13,-0.07883247699782328,"{""type"":""MultiPoint"",""coordinates"":[]}"
20201018T051831_20201018T052219_T44RLU,2020-10-18,-0.06381093352962272,"{""type"":""MultiPoint"",""coordinates"":[]}"
20201023T051859_20201023T052138_T44RLU,2020-10-23,-0.06792532334378133,"{""type"":""MultiPoint"",""coordinates"":[]}"
20201028T051931_20201028T052216_T44RLU,2020-10-28,-0.05205683526924022,"{""type"":""MultiPoint"",""coordinates"":[]}"
20201107T052021_20201107T052230_T44RLU,2020-11-07,-0.027956255608872445,"{""type"":""MultiPoint"",""coordinates"":[]}"
20201112T052049_20201112T052711_T44RLU,2020-11-12,-0.030685961736849537,"{""type"":""MultiPoint"",""coordinates"":[]}"
20201117T052111_20201117T052112_T44RLU,2020-11-17,-0.04238749742991636,"{""type"":""MultiPoint"",""coordinates"":[]}"
20201122T052119_20201122T052915_T44RLU,2020-11-22,-0.020053510154466523,"{""type"":""MultiPoint"",""coordinates"":[]}"
20201127T052151_20201127T052147_T44RLU,2020-11-27,-0.033360025043492024,"{""type"":""MultiPoint"",""coordinates"":[]}"
20201202T052159_20201202T052946_T44RLU,2020-12-02,0.006614705686732692,"{""type"":""MultiPoint"",""coordinates"":[]}"
20201207T052211_20201207T052714_T44RLU,2020-12-07,0.024369360171572575,"{""type"":""MultiPoint"",""coordinates"":[]}"
20201217T052231_20201217T052226_T44RLU,2020-12-17,0.013761241770611802,"{""type"":""MultiPoint"",""coordinates"":[]}"
20201227T052231_20201227T052228_T44RLU,2020-12-27,0.036258942787616245,"{""type"":""MultiPoint"",""coordinates"":[]}"
20210101T052219_20210101T052222_T44RLU,2021-01-01,-0.03377447583378332,"{""type"":""MultiPoint"",""coordinates"":[]}"
20210111T052159_20210111T052202_T44RLU,2021-01-11,0.0060260298079266245,"{""type"":""MultiPoint"",""coordinates"":[]}"
20210116T052151_20210116T052147_T44RLU,2021-01-16,0.04174834429817647,"{""type"":""MultiPoint"",""coordinates"":[]}"
20210121T052119_20210121T052907_T44RLU,2021-01-21,0.03164526947085547,"{""type"":""MultiPoint"",""coordinates"":[]}"
20210126T052111_20210126T052106_T44RLU,2021-01-26,0.04234028386019777,"{""type"":""MultiPoint"",""coordinates"":[]}"
20210131T052039_20210131T052539_T44RLU,2021-01-31,0.04011082135420791,"{""type"":""MultiPoint"",""coordinates"":[]}"
20210210T051939_20210210T052401_T44RLU,2021-02-10,0.03939472505405348,"{""type"":""MultiPoint"",""coordinates"":[]}"
20210220T051839_20210220T052045_T44RLU,2021-02-20,0.05427292484097267,"{""type"":""MultiPoint"",""coordinates"":[]}"
20210225T051801_20210225T052131_T44RLU,2021-02-25,0.0512128440666816,"{""type"":""MultiPoint"",""coordinates"":[]}"
20210302T051729_20210302T052733_T44RLU,2021-03-02,0.04200584612517457,"{""type"":""MultiPoint"",""coordinates"":[]}"
20210317T051651_20210317T051831_T44RLU,2021-03-17,0.04559201690489238,"{""type"":""MultiPoint"",""coordinates"":[]}"
20210327T051651_20210327T052745_T44RLU,2021-03-27,0.027865786943440763,"{""type"":""MultiPoint"",""coordinates"":[]}"
20210401T051649_20210401T052647_T44RLU,2021-04-01,0.017515895437022328,"{""type"":""MultiPoint"",""coordinates"":[]}"
20210411T051649_20210411T052917_T44RLU,2021-04-11,0.012687468656098048,"{""type"":""MultiPoint"",""coordinates"":[]}"
20210416T051641_20210416T051825_T44RLU,2021-04-16,0.015619127703343085,"{""type"":""MultiPoint"",""coordinates"":[]}"
20210426T051651_20210426T052747_T44RLU,2021-04-26,-0.031199300656871223,"{""type"":""MultiPoint"",""coordinates"":[]}"
20210516T051651_20210516T051831_T44RLU,2021-05-16,-0.06667916714906533,"{""type"":""MultiPoint"",""coordinates"":[]}"
20210526T051651_20210526T052748_T44RLU,2021-05-26,-0.09836563223355024,"{""type"":""MultiPoint"",""coordinates"":[]}"
20211003T051701_20211003T052600_T44RLU,2021-10-03,-0.12344112884099478,"{""type"":""MultiPoint"",""coordinates"":[]}"
20211008T051709_20211008T053004_T44RLU,2021-10-08,-0.11231369432460576,"{""type"":""MultiPoint"",""coordinates"":[]}"
20211013T051751_20211013T052103_T44RLU,2021-10-13,-0.09730930800756456,"{""type"":""MultiPoint"",""coordinates"":[]}"
20211023T051901_20211023T052038_T44RLU,2021-10-23,-0.08861234932184409,"{""type"":""MultiPoint"",""coordinates"":[]}"
20211028T051929_20211028T052925_T44RLU,2021-10-28,-0.10528942132062419,"{""type"":""MultiPoint"",""coordinates"":[]}"
20211102T052001_20211102T052127_T44RLU,2021-11-02,-0.07703828844383173,"{""type"":""MultiPoint"",""coordinates"":[]}"
20211107T052019_20211107T052551_T44RLU,2021-11-07,-0.07103853731751895,"{""type"":""MultiPoint"",""coordinates"":[]}"
20211112T052051_20211112T052922_T44RLU,2021-11-12,-0.04746960262031333,"{""type"":""MultiPoint"",""coordinates"":[]}"
20211117T052109_20211117T052819_T44RLU,2021-11-17,-0.037355435611108524,"{""type"":""MultiPoint"",""coordinates"":[]}"
20211122T052121_20211122T052810_T44RLU,2021-11-22,-0.018897397975542036,"{""type"":""MultiPoint"",""coordinates"":[]}"
20211127T052139_20211127T052141_T44RLU,2021-11-27,-4.975806159339313E-4,"{""type"":""MultiPoint"",""coordinates"":[]}"
20211207T052209_20211207T052208_T44RLU,2021-12-07,-0.05454433561653529,"{""type"":""MultiPoint"",""coordinates"":[]}"
20211217T052219_20211217T052222_T44RLU,2021-12-17,0.002798194242761549,"{""type"":""MultiPoint"",""coordinates"":[]}"
20220101T052231_20220101T052226_T44RLU,2022-01-01,0.027906351123259676,"{""type"":""MultiPoint"",""coordinates"":[]}"
20220116T052149_20220116T053012_T44RLU,2022-01-16,-0.0145312980572125,"{""type"":""MultiPoint"",""coordinates"":[]}"
20220131T052041_20220131T052041_T44RLU,2022-01-31,0.02312499374831008,"{""type"":""MultiPoint"",""coordinates"":[]}"
20220205T052009_20220205T052526_T44RLU,2022-02-05,-0.22397311297588496,"{""type"":""MultiPoint"",""coordinates"":[]}"
20220210T051941_20220210T052038_T44RLU,2022-02-10,-0.026659808859825624,"{""type"":""MultiPoint"",""coordinates"":[]}"
20220215T051909_20220215T052906_T44RLU,2022-02-15,0.02500332256888378,"{""type"":""MultiPoint"",""coordinates"":[]}"
20220302T051731_20220302T052536_T44RLU,2022-03-02,0.03217017086012023,"{""type"":""MultiPoint"",""coordinates"":[]}"
20220312T051651_20220312T052910_T44RLU,2022-03-12,0.04914941428045198,"{""type"":""MultiPoint"",""coordinates"":[]}"
20220317T051649_20220317T052632_T44RLU,2022-03-17,0.03932644482481926,"{""type"":""MultiPoint"",""coordinates"":[]}"
20220322T051651_20220322T052554_T44RLU,2022-03-22,0.0244308793209376,"{""type"":""MultiPoint"",""coordinates"":[]}"
20220327T051649_20220327T052411_T44RLU,2022-03-27,0.010185966996621549,"{""type"":""MultiPoint"",""coordinates"":[]}"
20220401T051651_20220401T052734_T44RLU,2022-04-01,-0.005700860459128273,"{""type"":""MultiPoint"",""coordinates"":[]}"
20220406T051649_20220406T052823_T44RLU,2022-04-06,-0.0313538485614096,"{""type"":""MultiPoint"",""coordinates"":[]}"
20220411T051651_20220411T052901_T44RLU,2022-04-11,-0.030705633261661338,"{""type"":""MultiPoint"",""coordinates"":[]}"
20220416T051649_20220416T052902_T44RLU,2022-04-16,-0.045207922984570346,"{""type"":""MultiPoint"",""coordinates"":[]}"
20220421T051701_20220421T052440_T44RLU,2022-04-21,-0.024495484381984935,"{""type"":""MultiPoint"",""coordinates"":[]}"
20220516T051649_20220516T052909_T44RLU,2022-05-16,-0.02381584690208997,"{""type"":""MultiPoint"",""coordinates"":[]}"
20220521T051701_20220521T052917_T44RLU,2022-05-21,-0.03586011539367513,"{""type"":""MultiPoint"",""coordinates"":[]}"
20220531T051701_20220531T052755_T44RLU,2022-05-31,-0.03203089272071995,"{""type"":""MultiPoint"",""coordinates"":[]}"
20220605T051649_20220605T052911_T44RLU,2022-06-05,-0.011462142932941793,"{""type"":""MultiPoint"",""coordinates"":[]}"
20220615T051659_20220615T052852_T44RLU,2022-06-15,3.5030930821552996E-4,"{""type"":""MultiPoint"",""coordinates"":[]}"
20221003T051649_20221003T052253_T44RLU,2022-10-03,-0.144373348984249,"{""type"":""MultiPoint"",""coordinates"":[]}"
20221023T051849_20221023T052729_T44RLU,2022-10-23,-0.10411644090559918,"{""type"":""MultiPoint"",""coordinates"":[]}"
20221028T051931_20221028T052450_T44RLU,2022-10-28,-0.07668565571265604,"{""type"":""MultiPoint"",""coordinates"":[]}"
20221102T051949_20221102T052958_T44RLU,2022-11-02,-0.0798803139866979,"{""type"":""MultiPoint"",""coordinates"":[]}"
20221112T052049_20221112T052220_T44RLU,2022-11-12,-0.048206498716125666,"{""type"":""MultiPoint"",""coordinates"":[]}"
20221117T052111_20221117T052416_T44RLU,2022-11-17,-0.03013026293258976,"{""type"":""MultiPoint"",""coordinates"":[]}"
20221122T052119_20221122T052433_T44RLU,2022-11-22,-0.014536202002344591,"{""type"":""MultiPoint"",""coordinates"":[]}"
20221127T052151_20221127T052145_T44RLU,2022-11-27,0.005785758601158246,"{""type"":""MultiPoint"",""coordinates"":[]}"
20221207T052211_20221207T052214_T44RLU,2022-12-07,0.022458093858213294,"{""type"":""MultiPoint"",""coordinates"":[]}"
20221212T052219_20221212T052632_T44RLU,2022-12-12,0.021204024187028173,"{""type"":""MultiPoint"",""coordinates"":[]}"
20221217T052231_20221217T052227_T44RLU,2022-12-17,0.040494286476257704,"{""type"":""MultiPoint"",""coordinates"":[]}"
20221222T052229_20221222T052753_T44RLU,2022-12-22,0.02693880833596994,"{""type"":""MultiPoint"",""coordinates"":[]}"
20221227T052231_20221227T052227_T44RLU,2022-12-27,0.038089261618855105,"{""type"":""MultiPoint"",""coordinates"":[]}"
20230106T052211_20230106T052214_T44RLU,2023-01-06,0.046142522880743164,"{""type"":""MultiPoint"",""coordinates"":[]}"
20230116T052151_20230116T052145_T44RLU,2023-01-16,0.042082167854663656,"{""type"":""MultiPoint"",""coordinates"":[]}"
20230121T052129_20230121T052439_T44RLU,2023-01-21,-0.22907409889242727,"{""type"":""MultiPoint"",""coordinates"":[]}"
20230126T052111_20230126T052757_T44RLU,2023-01-26,-7.731496554190622E-4,"{""type"":""MultiPoint"",""coordinates"":[]}"
20230131T052039_20230131T052214_T44RLU,2023-01-31,-0.07662460718115525,"{""type"":""MultiPoint"",""coordinates"":[]}"
20230205T052011_20230205T052730_T44RLU,2023-02-05,0.044999048093789074,"{""type"":""MultiPoint"",""coordinates"":[]}"
20230215T051911_20230215T052932_T44RLU,2023-02-15,0.05100450462839698,"{""type"":""MultiPoint"",""coordinates"":[]}"
20230220T051839_20230220T052919_T44RLU,2023-02-20,0.04765587647280061,"{""type"":""MultiPoint"",""coordinates"":[]}"
20230225T051801_20230225T052114_T44RLU,2023-02-25,0.06816897671162864,"{""type"":""MultiPoint"",""coordinates"":[]}"
20230302T051729_20230302T052948_T44RLU,2023-03-02,0.05383743257450847,"{""type"":""MultiPoint"",""coordinates"":[]}"
20230307T051651_20230307T052919_T44RLU,2023-03-07,0.009827232756536736,"{""type"":""MultiPoint"",""coordinates"":[]}"
20230312T051659_20230312T052443_T44RLU,2023-03-12,0.054281524008707435,"{""type"":""MultiPoint"",""coordinates"":[]}"
20230327T051651_20230327T052835_T44RLU,2023-03-27,0.010698089990056602,"{""type"":""MultiPoint"",""coordinates"":[]}"
20230411T051649_20230411T052709_T44RLU,2023-04-11,-0.04163032797780027,"{""type"":""MultiPoint"",""coordinates"":[]}"
20230416T051651_20230416T052735_T44RLU,2023-04-16,-0.012232832678902033,"{""type"":""MultiPoint"",""coordinates"":[]}"
20230421T051649_20230421T052441_T44RLU,2023-04-21,-0.0854210630176547,"{""type"":""MultiPoint"",""coordinates"":[]}"
20230506T051651_20230506T052521_T44RLU,2023-05-06,-0.06514738374709635,"{""type"":""MultiPoint"",""coordinates"":[]}"
20230511T051649_20230511T052839_T44RLU,2023-05-11,-0.0695824352437394,"{""type"":""MultiPoint"",""coordinates"":[]}"
20230516T051651_20230516T052334_T44RLU,2023-05-16,-0.07335335903957084,"{""type"":""MultiPoint"",""coordinates"":[]}"
20230521T051659_20230521T052824_T44RLU,2023-05-21,-0.07620204348473072,"{""type"":""MultiPoint"",""coordinates"":[]}"
