date,ndvi_avg,ndbi_avg,rainfall_mm,event_marker
2019-01-12,0.429142602205609,0.0240839256587636,56.71,
2019-01-17,0.378470488430132,0.0018456229205949,56.71,
2019-03-23,0.422168577254341,0.0162024477561302,28.05,
2019-03-28,0.250398078094784,-0.0701556661460337,28.05,
2019-04-02,0.479158228516532,0.0073673743379943,32.01,
2019-04-22,0.536632167915963,-0.062455947415708,32.01,
2019-04-27,0.565826187170868,-0.0990982384309646,32.01,
2019-05-07,0.546378784416419,-0.0840554002147995,18.84,
2019-05-27,0.56145341314146,-0.0986800850067292,18.84,
2019-06-01,0.536408637150485,-0.0500491418055657,55.67,
2019-06-11,0.490251290870223,-0.039440874069544,55.67,
2019-06-26,0.527499840620397,-0.0715519238099642,55.67,
2019-08-20,0.713896638085768,-0.202231185506355,172.14000000000001,
2019-10-14,0.615110457663515,-0.140322820573952,3.8,
2019-10-24,0.637533714487218,-0.105872529148234,3.8,
2019-11-18,0.559592011516285,-0.0481667135256564,30.07,
2019-12-03,0.496971087166262,-0.0433283009544959,49.39000000000001,
2019-12-08,0.51634766443963,-0.0269692499405334,49.39000000000001,
2019-12-18,0.296878768059902,-0.318518976018854,49.39000000000001,
2019-12-23,0.39996545952961,-0.105891955701541,49.39000000000001,
2019-12-28,0.407504137710331,-0.0749797948852441,49.39000000000001,
2020-01-22,0.295624931017119,-0.139601458163882,87.67,
2020-02-06,0.370961709945719,-0.0462864995726257,114.75,
2020-02-16,0.372613492612912,0.0073509314400392,114.75,
2020-03-02,0.390831929596935,0.0192814530297208,112.38,
2020-03-17,0.438846939529706,0.0272021468104261,112.38,
2020-04-06,0.484488864130409,-0.0022082962433035,123.99999999999999,
2020-04-11,0.482411344217883,-0.0253089863614168,123.99999999999999,
2020-05-16,0.567592208280892,-0.102905514457209,142.65,
2020-05-21,0.552826938243672,-0.0999335713721545,142.65,
2020-09-28,0.650791409899483,-0.125626716759838,11.549999999999999,
2020-10-08,0.589501778471955,-0.08940660330873,0.05,
2020-10-13,0.587134914711146,-0.0788324769978233,0.05,
2020-10-18,0.567130193423662,-0.0638109335296227,0.05,
2020-10-23,0.568596464919,-0.0679253233437813,0.05,
2020-10-28,0.555649004165365,-0.0520568352692402,0.05,
2020-11-07,0.547758696830349,-0.0279562556088724,8.36,
2020-11-12,0.504182323925783,-0.0306859617368495,8.36,
2020-11-17,0.521524456215693,-0.0423874974299164,8.36,
2020-11-22,0.500520129481179,-0.0200535101544665,8.36,
2020-11-27,0.476972568787629,-0.033360025043492,8.36,
2020-12-02,0.510012099921674,0.0066147056867326,10.28,
2020-12-07,0.476929474555756,0.0243693601715726,10.28,
2020-12-17,0.472111734382849,0.0137612417706118,10.28,
2020-12-27,0.458768310647955,0.0362589427876162,10.28,
2021-01-01,0.31606408986959,-0.0337744758337833,24.32,
2021-01-11,0.43099331312391,0.0060260298079266,24.32,
2021-01-16,0.444083429212697,0.0417483442981765,24.32,
2021-01-21,0.425126359105151,0.0316452694708555,24.32,
2021-01-26,0.433838739307337,0.0423402838601978,24.32,
2021-01-31,0.423760274268436,0.0401108213542079,24.32,
2021-02-10,0.404742285324675,0.0393947250540535,16.439999999999998,
2021-02-20,0.409858959717224,0.0542729248409727,16.439999999999998,
2021-02-25,0.411827374809833,0.0512128440666816,16.439999999999998,
2021-03-02,0.40920957193536,0.0420058461251746,6.55,
2021-03-17,0.389011700959127,0.0455920169048924,6.55,
2021-03-27,0.423736325633062,0.0278657869434408,6.55,
2021-04-01,0.352469306379022,0.0175158954370223,74.24,
2021-04-11,0.449316524009288,0.012687468656098,74.24,
2021-04-16,0.397363295995352,0.0156191277033431,74.24,
2021-04-26,0.48770583660449,-0.0311993006568712,74.24,
2021-05-16,0.528759246297757,-0.0666791671490653,152.28,
2021-05-26,0.570325270781125,-0.0983656322335502,152.28,
2021-10-03,0.658528029856804,-0.123441128840995,151.91,
2021-10-08,0.633272873383683,-0.112313694324606,151.91,
2021-10-13,0.632415917217506,-0.0973093080075646,151.91,
2021-10-23,0.603488933709064,-0.0886123493218441,151.91,
2021-10-28,0.613908665135803,-0.105289421320624,151.91,
2021-11-02,0.595223205088508,-0.0770382884438317,0.15,
2021-11-07,0.576191794613736,-0.071038537317519,0.15,
2021-11-12,0.559628815895761,-0.0474696026203133,0.15,
2021-11-17,0.546305535213946,-0.0373554356111085,0.15,
2021-11-22,0.517452736659171,-0.018897397975542,0.15,
2021-11-27,0.507065936901888,-0.000497580615933931,0.15,
2021-12-07,0.510655042745104,-0.0545443356165353,13.5,
2021-12-17,0.472005650232081,0.0027981942427615,13.5,
2022-01-01,0.430179799701648,0.0279063511232597,107.41,
2022-01-16,0.395476584751824,-0.0145312980572125,107.41,
2022-01-31,0.394511737793455,0.0231249937483101,107.41,
2022-02-05,0.303298100301758,-0.223973112975885,45.97,
2022-02-10,0.388604338011509,-0.0266598088598256,45.97,
2022-02-15,0.441759109665397,0.0250033225688838,45.97,
2022-03-02,0.429095084939563,0.0321701708601202,0.22,
2022-03-12,0.444676273557071,0.049149414280452,0.22,
2022-03-17,0.449646839879923,0.0393264448248193,0.22,
2022-03-22,0.467182581664036,0.0244308793209376,0.22,
2022-03-27,0.490393481035796,0.0101859669966215,0.22,
2022-04-01,0.499842929910687,-0.0057008604591282,4.17,Slow subsidence window start (8.9cm over 7mo)
2022-04-06,0.479667884598696,-0.0313538485614096,4.17,
2022-04-11,0.505407137892513,-0.0307056332616613,4.17,
2022-04-16,0.507661278911354,-0.0452079229845703,4.17,
2022-04-21,0.447129186064319,-0.0244954843819849,4.17,
2022-05-16,0.475145297041336,-0.02381584690209,54.23,
2022-05-21,0.469750678776906,-0.0358601153936751,54.23,
2022-05-31,0.490783777596391,-0.03203089272072,54.23,
2022-06-05,0.462234740153471,-0.0114621429329418,53.660000000000004,
2022-06-15,0.453948480682589,0.00035030930821553,53.660000000000004,
2022-10-03,0.667990522251157,-0.144373348984249,95.75,
2022-10-23,0.601099233445704,-0.104116440905599,95.75,
2022-10-28,0.585293674064911,-0.076685655712656,95.75,
2022-11-02,0.582479213373441,-0.0798803139866979,3.9900000000000007,
2022-11-12,0.543353546778212,-0.0482064987161257,3.9900000000000007,
2022-11-17,0.544134663111444,-0.0301302629325898,3.9900000000000007,
2022-11-22,0.536770451411536,-0.0145362020023446,3.9900000000000007,
2022-11-27,0.507040989875873,0.0057857586011582,3.9900000000000007,
2022-12-07,0.505695868017889,0.0224580938582133,0.54,
2022-12-12,0.500389264478314,0.0212040241870282,0.54,
2022-12-17,0.478268897862877,0.0404942864762577,0.54,
2022-12-22,0.480608079342949,0.0269388083359699,0.54,
2022-12-27,0.443931732141955,0.0380892616188551,0.54,Rapid subsidence window start (5.4cm in 12 days)
2023-01-06,0.435513634572526,0.0461425228807432,26.080000000000002,
2023-01-16,0.433377855227726,0.0420821678546637,26.080000000000002,
2023-01-21,0.316073373928917,-0.229074098892427,26.080000000000002,
2023-01-26,0.440729907385666,-0.000773149655419062,26.080000000000002,
2023-01-31,0.414211680874817,-0.0766246071811553,26.080000000000002,
2023-02-05,0.423094519630555,0.0449990480937891,6.71,
2023-02-15,0.42020171069124,0.051004504628397,6.71,
2023-02-20,0.377135497559846,0.0476558764728006,6.71,
2023-02-25,0.446743952772626,0.0681689767116286,6.71,
2023-03-02,0.453431290949408,0.0538374325745085,91.2,
2023-03-07,0.324879080323726,0.0098272327565367,91.2,
2023-03-12,0.397338082690899,0.0542815240087074,91.2,
2023-03-27,0.475587970653059,0.0106980899900566,91.2,
2023-04-11,0.417930085863585,-0.0416303279778003,44.57,
2023-04-16,0.5039571890709,-0.012232832678902,44.57,
2023-04-21,0.547184816196701,-0.0854210630176547,44.57,
2023-05-06,0.548689838686994,-0.0651473837470964,51.33,
2023-05-11,0.53624741949187,-0.0695824352437394,51.33,
2023-05-16,0.548985706870404,-0.0733533590395708,51.33,
2023-05-21,0.545316966724516,-0.0762020434847307,51.33,
