date,ndbi_avg
2019-01-01,0.05540148938559077
2019-01-06,0.06108849543805675
2019-01-16,0.04077773293863845
2019-01-26,0.048375992942048744
2019-02-10,0.06014191910027587
2019-02-15,0.06938800299067568
2019-02-25,0.05716117605662673
2019-03-07,0.08507025140796454
2019-03-17,0.08368487843110102
2019-03-22,0.07714405983946315
2019-03-27,0.08833396338710509
2019-04-01,0.07041039454727892
2019-04-06,0.08890960535625038
2019-04-16,0.08677503368143501
2019-04-21,0.07886458463933119
2019-04-26,0.09184307917446562
2019-05-01,0.08889622366068808
2019-05-06,0.0716431184840861
2019-05-11,0.07900439360354775
2019-05-16,0.10137797027723612
2019-05-26,0.08670038809354796
2019-05-31,0.08262988998580674
2019-06-05,0.09678006962183215
2019-06-10,0.0822688059439215
2019-06-15,0.0973966862908909
2019-06-20,0.07918818960506653
2019-06-30,0.07656197323583747
2019-07-05,0.08995015335440783
2019-07-10,0.050742903159602094
2019-07-20,0.07344015161746227
2019-07-25,0.08915321633105584
2019-08-04,0.10115060592569634
2019-08-19,0.08514731238201573
2019-08-24,0.0680332806121644
2019-09-18,0.02868546451749646
2019-09-23,0.08023522093325665
2019-09-28,0.06140026333905277
2019-10-03,0.07210979805813643
2019-10-08,0.033449289071017754
2019-10-13,0.05453333959932872
2019-10-18,0.037085224971768416
2019-10-23,0.04861741745878879
2019-11-07,0.01812851306182715
2019-11-17,0.027060195068447833
2019-12-02,0.028470769847577796
2019-12-07,0.014255806681029133
2019-12-22,0.028983217912354135
2019-12-27,0.01925032437720042
2020-01-01,0.02581321415883485
2020-01-11,0.06497738117590733
2020-01-16,0.033740830874882985
2020-01-21,0.064006657492534
2020-01-26,0.05939874744074036
2020-01-31,0.05409731728583299
2020-02-05,0.04603898030407803
2020-02-10,0.05309451505630385
2020-02-15,0.04475034180561183
2020-02-25,0.07095502245569806
2020-03-01,0.07761043355416297
2020-03-06,0.04331013836235997
2020-03-16,0.06889234705847921
2020-03-21,0.07982479046958744
2020-03-31,0.07551244040263928
2020-04-05,0.06863951277390051
2020-04-15,0.08770817643322412
2020-04-25,0.0925087677112181
2020-04-30,0.09287619584607815
2020-05-05,0.08950078472548974
2020-05-10,0.08318790954117386
2020-05-15,0.09509266714734066
2020-05-20,0.07417091683374584
2020-05-25,0.09491783413012385
2020-05-30,0.116404597042374
2020-06-04,0.11031770906130542
2020-06-09,0.10428631650248604
2020-06-14,0.11081390241108816
2020-06-19,0.10832753557800144
2020-06-24,0.13031587593880217
2020-06-29,0.10478696563246322
2020-07-09,0.13397918913697537
2020-07-14,0.11981323716049277
2020-07-24,0.09809881369584672
2020-08-03,0.09933143983371374
2020-08-18,0.10983263331326232
2020-08-23,0.08909158521533415
2020-09-07,0.047473468746413186
2020-09-12,0.048336716718743816
2020-09-17,0.07103977860249637
2020-09-22,0.010374194226612756
2020-09-27,0.028580046335065133
2020-10-02,0.016809691022404528
2020-10-12,0.013330518336909415
2020-10-22,0.010845196212713433
2020-10-27,0.020368475264155094
2020-11-01,0.015809411312746675
2020-11-06,0.024634812790157598
2020-11-11,0.007581503390933752
2020-11-16,0.02178271955047408
2020-11-21,0.015951290843303777
2020-11-26,0.031435861448505305
2020-12-01,0.020609967695815194
2020-12-06,0.04621212352960597
2020-12-11,0.045832278253405155
2020-12-16,0.006953159695714223
2020-12-21,0.0033919882642764977
2020-12-26,0.023212018151166646
2020-12-31,0.014800004032646839
2021-01-10,0.017472054468303116
2021-01-15,0.025593361876945924
2021-01-20,0.03793543452063299
2021-01-25,0.04691544086890655
2021-01-30,0.035199197496575706
2021-02-04,0.08377610115818118
2021-02-14,0.06231087185115421
2021-02-19,0.0489432309374403
2021-02-24,0.06235154546910444
2021-03-01,0.03718460859922106
2021-03-06,0.06463383707626426
2021-03-11,0.055627045886449816
2021-03-16,0.06594905461389955
2021-03-21,0.07456063519161879
2021-03-26,0.07115349593895876
2021-04-05,0.07604493979219316
2021-04-10,0.056468325487038215
2021-04-15,0.06576267169472232
2021-04-20,0.08511312538089802
2021-04-25,0.06719593558046699
2021-04-30,0.09021263313088028
2021-05-05,0.09563617215970184
2021-05-10,0.09229303966890803
2021-05-15,0.08191419788981989
2021-05-20,0.08182412743261547
2021-05-25,0.0800680306088311
2021-05-30,0.07930326741702762
2021-06-04,0.06530590136125411
2021-06-09,0.06117880292263655
2021-06-19,0.061842808545003354
2021-06-24,0.07219193480449727
2021-08-08,0.025179497210828614
2021-08-13,0.03566294137723527
2021-08-18,0.03098645449155456
2021-08-23,0.04873770801685429
2021-08-28,0.046297727518618395
2021-09-17,0.06211078728821879
2021-10-02,0.051782126490261635
2021-10-07,0.012862661097601797
2021-10-12,0.019566237701208536
2021-10-17,-0.006496155939964955
2021-10-22,0.018098794013216634
2021-10-27,0.01435971281016012
2021-11-01,0.008243077799543495
2021-11-06,0.04245019169232794
2021-11-11,0.023629467667310763
2021-11-16,0.008266538782888074
2021-11-21,0.06356674474645796
2021-11-26,0.023207339057832177
2021-12-11,0.017791071575924612
2021-12-16,0.018599516814820357
2021-12-21,0.0534586776490979
2022-01-10,0.03152593577307982
2022-01-15,0.03347292090946093
2022-01-20,0.05209585882634101
2022-01-25,0.03563327299227245
2022-01-30,0.05354307098404096
2022-02-04,0.028853242948750205
2022-02-09,0.05819190561513815
2022-02-14,0.05303399808316419
2022-02-19,0.05982609171300302
2022-02-24,0.04284481400947996
2022-03-01,0.07355028082739404
2022-03-11,0.07031333340728517
2022-03-16,0.04939605855135387
2022-03-21,0.0718321067373095
2022-03-26,0.054967622599805456
2022-03-31,0.043393136116566894
2022-04-10,0.06494203000034374
2022-04-15,0.054273665842888584
2022-04-25,0.07642213150340216
2022-04-30,0.09160338477941184
2022-05-05,0.07273458735725485
2022-05-10,0.07599916227087229
2022-05-15,0.06364332681969008
2022-05-20,0.07658218085532474
2022-05-25,0.07648559005586032
2022-05-30,0.07419688718564221
2022-06-04,0.07188499789437211
2022-06-09,0.07648565938422462
2022-06-24,0.07278965464266393
2022-08-03,0.023017985624601067
2022-09-02,0.012385109340853235
2022-09-07,0.02459925592557815
2022-09-17,0.019486668107736225
2022-09-22,0.02306808290076201
2022-09-27,0.04099061531981472
2022-10-02,0.03602147085278059
2022-10-12,0.02154647150971765
2022-10-17,0.02322038275234354
2022-10-22,0.028745395208576777
2022-10-27,0.03286934040204778
2022-11-01,0.029363893193921627
2022-11-11,0.029551671092137376
2022-11-16,0.04495620971312354
2022-11-21,0.0313909788959248
2022-11-26,0.022943811900782565
2022-12-01,0.016767648096747
2022-12-06,0.033068282999887365
2022-12-11,0.02601591527919506
2022-12-16,0.0225010417088205
2022-12-21,0.0170985314634908
2022-12-26,0.028345466740645208
2022-12-31,0.021356173540476083
2023-01-05,0.02173422205990014
2023-01-10,0.039021601267864
2023-01-15,0.025833126505737238
2023-01-20,0.04402642418520534
2023-01-25,0.032358162705586405
2023-01-30,0.043541992515132036
2023-02-04,0.06733500934033465
2023-02-09,0.06474844380999394
2023-02-14,0.05945983785443235
2023-02-19,0.05170457031784841
2023-03-01,0.07672160173293036
2023-03-06,0.0771082982345733
2023-03-11,0.06716520385827673
2023-03-16,0.09406519278449409
2023-03-21,0.07745743840848614
2023-03-26,0.07394883436201169
2023-03-31,0.08405522068160835
2023-04-05,0.07878168586483358
2023-04-15,0.09053894225527952
2023-04-25,0.07752041414276951
2023-05-05,0.09502040129164242
2023-05-10,0.05035102469764555
2023-05-15,0.06816105357396626
2023-05-20,0.06233774297095841
2023-05-25,0.08061453801373727
2023-06-04,0.03189372606295183
2023-06-09,0.04465920233642212
2023-06-19,0.05566280988740519
2023-06-24,0.07119161366487707
2023-07-04,0.03906648058526067
2023-07-14,0.01911680316859205
2023-07-19,0.007974882447772716
2023-08-18,0.015017600032072736
2023-09-02,0.040555675617813765
2023-09-07,0.05348667115691916
2023-09-27,0.056195292927208436
2023-10-02,0.04374325887229472
2023-10-07,0.048851962891721945
2023-10-12,0.06143498876402058
2023-10-22,0.06643481452897615
2023-11-01,0.047097546459564654
2023-11-06,0.024403026514114114
2023-11-11,0.011602828793054548
2023-11-16,0.001868976535811748
2023-12-01,0.024466482218322434
2023-12-16,0.03581267111474861
2023-12-21,0.028131540105987507
