date,ndvi_avg
2019-01-02,0.33887102326393803
2019-01-07,0.5715442602557848
2019-01-12,0.5600598096948065
2019-01-17,0.5736898803722978
2019-01-27,0.09765307631310008
2019-03-08,0.5705262385192074
2019-03-18,0.5682856152490974
2019-03-23,0.5557772175660154
2019-03-28,0.4859433852805921
2019-04-02,0.5600198778205226
2019-04-07,0.5498374314127455
2019-04-22,0.599500063592712
2019-04-27,0.5843613793696872
2019-05-07,0.5573612316453163
2019-05-12,0.4431834236179267
2019-05-27,0.492591012876557
2019-06-01,0.4547637577248245
2019-06-06,0.482938729147878
2019-06-11,0.5041454998886861
2019-06-21,0.3401993041235802
2019-07-01,0.07605503660908534
2019-10-09,0.5541684714804445
2019-10-14,0.6926626500918985
2019-10-24,0.6613836748178076
2019-11-08,0.6517215362730754
2019-11-18,0.6577067027924244
2019-12-03,0.6712501895760827
2019-12-08,0.6628480947866161
2020-02-06,0.6070753820753023
2020-02-11,0.5866015712640369
2020-02-16,0.6121508138583039
2020-03-02,0.5606826563983143
2020-03-12,0.5787770378429671
2020-03-17,0.5760100619809663
2020-03-22,0.44094192993654985
2020-04-01,0.5345399834531374
2020-04-06,0.5711215430078783
2020-04-11,0.5748534061694373
2020-04-21,0.5696365575900041
2020-05-06,0.4569323387509803
2020-05-11,0.5886785443697267
2020-05-16,0.5854956197158808
2020-05-21,0.5811336616376394
2020-05-26,0.5653674102891747
2020-09-28,0.695615974058374
2020-10-08,0.6403898290776592
2020-10-13,0.6480936315079237
2020-10-18,0.6561673264456594
2020-10-23,0.6396403152281331
2020-10-28,0.617962336534472
2020-11-02,0.6287956252793239
2020-11-07,0.6395029568651074
2020-11-12,0.6242844067122406
2020-11-17,0.6217367743972657
2020-11-17,0.62236092776598
2020-11-22,0.6230924096477637
2020-11-27,0.4687503992158768
2020-12-02,0.5889581490471215
2020-12-07,0.6083417984683925
2021-01-01,0.5327403247316244
2021-01-16,0.6033344588175019
2021-02-05,0.45882030453211525
2021-02-10,0.5963107457258896
2021-02-15,0.5791912551360139
2021-02-20,0.5171242964702221
2021-02-25,0.5801310230962419
2021-03-02,0.5949569120130463
2021-03-17,0.4791875076843338
2021-03-22,0.4077302233721704
2021-03-27,0.553432970648708
2021-04-01,0.5615618741917489
2021-04-11,0.5084434847782366
2021-04-16,0.4729631211260912
2021-04-26,0.5295480489379518
2021-05-01,0.3180194579517092
2021-05-16,0.5498871160488327
2021-05-26,0.5816657381653171
2021-07-05,0.47488191035074817
2021-10-08,0.5602807603230503
2021-10-13,0.6820761519026038
2021-10-23,0.6910481140736162
2021-10-28,0.6735121556978877
2021-11-02,0.6730707677090728
2021-11-07,0.6775627891334303
2021-11-12,0.6673796374081359
2021-11-17,0.6779630303058612
2021-11-22,0.6614681963910528
2021-11-27,0.662202003785624
2021-12-07,0.6722610336528126
2021-12-17,0.6069000272597331
2021-12-22,0.5063727310476389
2021-12-27,0.5851808998317065
2022-01-01,0.6282808925955883
2022-01-31,0.6117749831853284
2022-02-10,0.5968939434746936
2022-02-15,0.44524796354097607
2022-02-20,0.5776654302084555
2022-02-25,0.4891248624258412
2022-03-02,0.5538647597507749
2022-03-12,0.5590054074249328
2022-03-17,0.2933717602472667
2022-03-22,0.5817075218495616
2022-03-27,0.5619821636165311
2022-04-01,0.5668411231318745
2022-04-06,0.5483391321644866
2022-04-11,0.5483893776232951
2022-04-16,0.541349487841516
2022-04-21,0.41089278784964645
2022-04-26,0.4635698673890314
2022-05-01,0.12398965599556534
2022-05-21,0.46650431003577125
2022-05-26,0.4372392894221166
2022-05-31,0.4688319269162134
2022-06-05,0.5189910915673351
2022-06-10,0.4818187106868699
2022-06-15,0.4972508823389774
2022-07-15,0.22821607313891054
2022-09-28,0.6268170698003764
2022-10-03,0.6480162355822285
2022-10-13,0.6649007643803899
2022-10-18,0.6253612787641102
2022-10-23,0.6686073867170874
2022-10-28,0.6775720120516537
2022-11-02,0.6657251480065262
2022-11-12,0.6519421477509
2022-11-17,0.6489309643927441
2022-11-22,0.65749105490677
2022-11-27,0.6377913856823008
2022-12-02,0.6428962212401871
2022-12-07,0.6487561866739168
2022-12-12,0.6518161587790819
2022-12-17,0.6285912454239336
2022-12-22,0.6319027524589664
2023-01-16,0.5912298004486954
2023-01-21,0.5922599122811233
2023-01-26,0.5823541414604252
2023-01-31,0.5889543441287877
2023-02-05,0.5915155472010961
2023-02-10,0.5074857321645847
2023-02-15,0.5899657486409687
2023-02-20,0.581493367276435
2023-02-25,0.5992933320210527
2023-03-02,0.5732694327938417
2023-03-12,0.5585876995133439
2023-03-17,0.27877675600131435
2023-03-22,0.47768034516008384
2023-03-27,0.5852602260819861
2023-04-11,0.5792138377394697
2023-04-16,0.5736364281670391
2023-04-21,0.5215861879374842
2023-05-06,0.5976267550521955
2023-05-11,0.6121435777629475
2023-05-16,0.6027137373962351
2023-05-21,0.5790688002011612
2023-06-10,0.5203939168293997
2023-07-20,0.2867142229529163
2023-08-29,0.5797232622676295
2023-10-03,0.6080229656091596
2023-10-08,0.6884909935303899
2023-10-13,0.6704305005479444
2023-10-18,0.6729650769654505
2023-10-23,0.6608331173266111
2023-11-02,0.6603390749161666
2023-11-07,0.6730973722180232
2023-11-12,0.6542649971958003
2023-11-17,0.6515472101102923
2023-11-22,0.6511471636688975
2023-12-02,0.6443389716276976
2023-12-07,0.650803048956981
2023-12-12,0.6298234793129284
2023-12-17,0.6234060985157713
2023-12-22,0.5784322578405712
2023-12-27,0.5797761208146225
