date,lst_celsius
2019-01-01,32.8
2019-01-09,32.34
2019-01-17,30.62
2019-01-25,32.89
2019-02-02,35.31
2019-02-10,33.2
2019-02-18,35.2
2019-02-26,33.62
2019-03-06,34.37
2019-03-14,37.1
2019-03-22,35.73
2019-03-30,34.11
2019-04-07,35.78
2019-04-15,34.57
2019-04-23,35.94
2019-05-01,34.74
2019-05-09,30.8
2019-05-17,34.36
2019-05-25,29.98
2019-06-02,28.14
2019-06-10,25.95
2019-06-18,21.62
2019-06-26,23.43
2019-07-04,31.32
2019-07-12,26.82
2019-07-20,24.82
2019-07-28,28.26
2019-09-06,31.76
2019-09-14,30.25
2019-09-30,30.33
2019-10-08,27.16
2019-10-24,30.99
2019-11-01,30.98
2019-11-09,31.12
2019-11-17,32.31
2019-11-25,32.0
2019-12-03,33.32
2019-12-11,33.89
2019-12-19,33.52
2019-12-27,33.29
2020-01-01,34.21
2020-01-09,33.47
2020-01-17,34.59
2020-01-25,34.34
2020-02-02,32.75
2020-02-10,35.18
2020-02-18,34.94
2020-02-26,36.74
2020-03-05,35.65
2020-03-13,34.29
2020-03-21,35.72
2020-03-29,35.86
2020-04-06,35.69
2020-04-14,33.26
2020-04-22,31.43
2020-04-30,34.77
2020-05-24,31.83
2020-06-01,31.26
2020-06-09,31.9
2020-06-17,29.42
2020-06-25,31.79
2020-07-03,31.57
2020-07-19,27.52
2020-07-27,32.7
2020-08-12,23.04
2020-08-20,34.37
2020-08-28,34.42
2020-09-05,32.71
2020-09-13,30.23
2020-09-21,33.04
2020-09-29,33.46
2020-10-15,33.24
2020-10-23,32.96
2020-10-31,34.2
2020-11-08,32.87
2020-11-16,33.7
2020-11-24,31.78
2020-12-02,32.67
2020-12-10,30.73
2020-12-18,31.98
2020-12-26,28.46
2021-01-01,33.32
2021-01-09,32.65
2021-01-17,33.88
2021-01-25,32.89
2021-02-02,32.35
2021-02-10,35.09
2021-02-18,33.68
2021-02-26,34.6
2021-03-06,35.34
2021-03-14,36.11
2021-03-22,30.42
2021-03-30,31.54
2021-04-07,27.62
2021-04-15,29.5
2021-04-23,36.13
2021-05-01,32.26
2021-05-17,29.02
2021-05-25,29.83
2021-06-02,26.42
2021-06-10,31.24
2021-06-18,28.33
2021-06-26,31.18
2021-07-04,29.29
2021-07-28,29.69
2021-08-13,28.2
2021-08-21,30.28
2021-09-06,33.06
2021-09-14,35.23
2021-09-22,32.76
2021-09-30,29.65
2021-10-08,31.27
2021-10-16,27.01
2021-10-24,29.58
2021-11-09,29.67
2021-11-17,31.43
2021-11-25,31.1
2021-12-03,32.08
2021-12-11,33.32
2021-12-19,31.81
2021-12-27,33.46
2022-01-01,32.16
2022-01-09,31.59
2022-01-17,32.94
2022-01-25,34.11
2022-02-02,32.57
2022-02-10,34.97
2022-02-18,35.32
2022-02-26,35.32
2022-03-06,35.49
2022-03-14,33.19
2022-03-22,33.02
2022-03-30,30.58
2022-04-07,34.85
2022-04-15,31.62
2022-04-23,29.13
2022-05-01,35.72
2022-05-09,32.14
2022-05-17,29.4
2022-05-25,32.73
2022-06-10,31.6
2022-06-18,29.88
2022-06-26,32.26
2022-07-12,30.71
2022-08-05,32.73
2022-08-13,31.04
2022-08-29,28.73
2022-09-06,29.86
2022-09-14,31.11
2022-09-22,33.65
2022-10-24,30.38
2022-11-01,31.04
2022-11-17,30.1
2022-11-25,32.47
2022-12-11,31.76
2022-12-19,31.77
2022-12-27,34.25
2023-01-01,32.27
2023-01-09,29.45
2023-01-17,31.49
2023-01-25,31.12
2023-02-02,31.76
2023-02-10,35.0
2023-02-18,33.34
2023-02-26,36.12
2023-03-06,36.62
2023-03-14,33.74
2023-03-22,35.19
2023-03-30,36.15
2023-04-07,34.57
2023-04-15,33.66
2023-04-23,33.78
2023-05-09,31.06
2023-05-17,30.6
2023-05-25,27.01
2023-06-02,32.44
2023-06-10,30.5
2023-07-04,27.55
2023-07-12,29.53
2023-07-20,29.38
2023-07-28,29.93
2023-08-05,28.85
2023-08-13,30.61
2023-08-21,34.07
2023-08-29,29.84
2023-09-14,32.78
2023-09-22,29.79
2023-09-30,31.83
2023-10-08,34.98
2023-10-24,29.9
2023-11-09,28.05
2023-11-17,31.41
2023-11-25,33.32
2023-12-03,30.19
2023-12-11,31.74
2023-12-19,31.18
2023-12-27,31.14
